year,title,total,budget,studio
1993,Jurassic Park,395.622,63,Universal
1993,Mrs Doubtfire,219.195,,20th Century Fox
1993,The Fugitive,183.753,44,Warner Brothers
1993,The Firm,158.348,42,Paramount
1993,Sleepless in Seattle,126.671,21,TriStar
1993,Indecent Proposal,106.614,38,Paramount
1993,In the Line of Fire,102.3,40,Columbia
1993,The Pelican Brief,100.768,,Warner Brothers
1993,Schindler's List,96.067,25,Universal
1993,Cliffhanger,84.049,65,TriStar
1993,Free Willy,77.7,,Warner Brothers
1993,Philadelphia,77.45,26,Columbia
1993,Groundhog Day,70.91,,Columbia
1993,Grumpy Old Men,70.17,,Warner Brothers
1993,Cool Runnings,68.86,,Disney
1993,Dave,63.27,,Warner Brothers
1993,Rising Sun,63.18,,20th Century Fox
1993,Demolition Man,58.06,,Warner Brothers
1993,Sister Act 2,57.32,,Touchstone
1993,Tombstone,56.51,,Hollywood
1993,The 3 Musketeers,53.9,,Disney
1993,Rookie of the Year,53.62,,20th Century Fox
1993,Beethoven's 2nd,53.35,,Universal
1993,Dennis the Menace,51.27,,Warner Brothers
1993,Sommersby,50.08,,Warner Brothers
1993,Last Action Hero,50.02,60,Columbia
1993,Addams Family 2,48.86,,Paramount
1993,Wayne's World 2,48.2,,Paramount
1993,Malice,46.41,,New Line
1993,Made In America,44.94,,Warner Brothers
1993,The Good Son,44.79,,20th Century Fox
1993,Beverly Hillbillies,44.03,,20th Century Fox
1993,Ninja Turtles 3,42.27,13.5,New Line
1993,Homeward Bound,41.83,,Disney
1993,Falling Down,40.9,,Warner Brothers
1993,The Piano,40.16,7,Miramax
1993,Hocus Pocus,39.52,,Disney
1993,What's Love Got ,39.1,,Touchstone
1993,Hot Shots 2,38.92,,20th Century Fox
1993,Carlito's Way,36.95,,Universal
1993,Alive,36.73,32,Paramount
1993,Son in Law,36.45,,Hollywood
1993,Sliver,36.3,,Paramount
1993,Men in Tights,35.74,,20th Century Fox
1993,Dragon: Bruce Lee,35.11,14,Universal
1993,The Joy Luck Club,32.9,,Hollywood
1993,Hard Target,32.59,,Universal
1993,The Sandlot,32.43,,20th Century Fox
1993,The Age of Innocence,32,34,Columbia
1993,Point of No Return,30.04,,Warner Brothers
1993,Loaded Weapon 1,27.98,13,New Line
1993,Menace II Society,27.9,3.5,New Line
1993,My Life,27.48,,TriStar
1993,Poetic Justice,27.45,14,Columbia
1993,In the Name of the Father,25.01,,Universal
1994,Forrest Gump,329.694,55,Paramount
1994,The Lion King,328.378,79.3,Disney
1994,True Lies,146.282,100,20th Century Fox
1994,The Santa Clause,144.631,22,Disney
1994,The Flintstones,130.513,45,Universal
1994,Dumb & Dumber,125.464,16,New Line
1994,Clear and Present Danger,121.985,65,Paramount
1994,Speed,121.248,28,20th Century Fox
1994,The Mask,119.92,18,New Line
1994,Pulp Fiction,107.9,8,Miramax
1994,Interview with the Vampire,105.27,50,Warner Brothers
1994,Maverick,101.6,,Warner Brothers
1994,The Client,92.12,45,Warner Brothers
1994,Disclosure,83.02,32,Warner Brothers
1994,Star Trek: Generations,75.67,35,Paramount
1994,Ace Ventura,72.22,12,Warner Brothers
1994,Stargate,71.57,55,MGM
1994,Wolf,65.01,70,Columbia
1994,The Specialist,57.36,45,Warner Brothers
1994,Four Weddings ,52.7,6,PolyGram
1994,The Little Rascals,52.13,,Universal
1994,The Naked Gun 3,51.13,30,Paramount
1994,The Crow,50.69,15,Miramax
1994,Natural Born Killers,50.28,50,Warner Brothers
1994,Angels in the Outfield,50.24,,Disney
1994,Little Women,50.08,,Columbia
1994,When a Man Loves ,50.02,,Touchstone
1994,The River Wild,46.82,45,Universal
1994,D2: The Mighty Ducks,45.61,,Disney
1994,Timecop,44.85,27,Universal
1994,Jungle Book ,44.34,27,Disney
1994,City Slickers II,43.52,,Columbia
1994,Beverly Hills Cop 3,42.62,50,Paramount
1994,The Paper,38.82,,Universal
1994,On Deadly Ground,38.59,50,Warner Brothers
1994,It Could Happen to You,37.94,,TriStar
1994,Junior,36.76,,Universal
1994,Nell,33.68,,20th Century Fox
1994,Street Fighter,33.42,,Universal
1994,The Shadow,32.06,40,Universal
1994,I Love Trouble,30.81,,Touchstone
1994,Major League 2,30.63,,Warner Brothers
1994,Blank Check,30.58,,Disney
1994,Blown Away,30.16,,MGM
1994,In the Army Now,28.86,,Buena Vista
1994,The Shawshank Redemption,28.34,25,Columbia
1994,Guarding Tess,27.05,,TriStar
1994,Quiz Show,24.82,,Hollywood
1994,Renaissance Man,24.33,40,Touchstone
1994,The Professional,19.25,20,Columbia
1994,Blink,16.7,11,New Line
1994,Baby's Day Out,16.67,50,20th Century Fox
1994,The Getaway,16.1,,Universal
1994,The Pagemaster,13.67,,20th Century Fox
1994,Bullets over Broadway,13.38,20,Miramax
1995,Batman Forever,184.031,100,Warner Brothers
1995,Apollo 13,173.756,62,Universal
1995,Pocahontas,141.579,55,Disney
1995,Ace Ventura 2,108.36,30,Warner Brothers
1995,GoldenEye,106.636,80,United Artists
1995,Casper,100.28,55,Universal
1995,Jumanji,100.192,65,Columbia
1995,Seven,100.125,30,New Line
1995,Die Hard 3,100.012,90,20th Century Fox
1995,Crimson Tide,91.4,53,Hollywood
1995,Waterworld,88.25,175,Universal
1995,Dangerous Minds,84.92,,Hollywood
1995,While You Were Sleeping,81.06,17,Hollywood
1995,Congo,81.02,50,Paramount
1995,Father of the Bride 2,76.59,30,Touchstone
1995,Braveheart,75.61,72,20th Century Fox
1995,Get Shorty,72.1,30,MGM
1995,Grumpier Old Men,71.52,25,Warner Brothers
1995,Bridges of Madison ,71.52,35,Warner Brothers
1995,Mortal Kombat,70.45,20,New Line
1995,Nine Months,69.69,,20th Century Fox
1995,Outbreak,67.66,50,Warner Brothers
1995,Heat,67.44,60,Warner Brothers
1995,Waiting to Exhale,67.05,15,20th Century Fox
1995,Legends of the Fall,66.64,30,TriStar
1995,Bad Boys,65.81,23,Columbia
1995,Babe,63.66,30,Universal
1995,Species,60.07,35,MGM
1995,The American President,60.02,62,Universal
1995,Clueless,56.63,20,Paramount
1995,Sabrina,53.67,58,Paramount
1995,Something to Talk About,50.87,,Warner Brothers
1995,The Net,50.73,22,Columbia
1995,Under Siege 2,50.02,60,Warner Brothers
1995,A Walk in the Clouds,50.01,20,20th Century Fox
1995,Brady Bunch Movie,46.58,12,Paramount
1995,Sense & Sensibility,43.18,16.5,Columbia
1995,Casino,42.51,52,Universal
1995,Nobody's Fool,39.49,,Paramount
1995,Dead Man Walking,39.36,11,Paramount
1995,French Kiss,38.9,,20th Century Fox
1995,Higher Learning,38.29,,Columbia
1995,Power Rangers Movie,37.8,,20th Century Fox
1995,First Knight,37.36,75,Columbia
1995,Just Cause,36.85,,Warner Brothers
1995,To Wong Foo,36.47,,Universal
1995,Indian in Cupboard,35.66,45,Columbia
1995,Money Train,35.43,68,Columbia
1995,A Goofy Movie,35.34,,Disney
1995,Judge Dredd,34.67,90,Hollywood
1995,Forget Paris,33.2,,Columbia
1995,Tommy Boy,32.7,,Paramount
1995,Copycat,32.05,20,Warner Brothers
1995,Leaving Las Vegas,31.98,4,United Artists
1995,Rob Roy,31.39,28,United Artists
1996,Independence Day,306.169,75,20th Century Fox
1996,Twister,241.722,92,Warner Brothers
1996,Mission: Impossible,180.982,75,Paramount
1996,Jerry Maguire,153.621,50,TriStar
1996,Ransom,136.385,80,Touchstone
1996,101 Dalmatians ,135.539,54,Disney
1996,The Rock,134.1,75,Touchstone
1996,The Nutty Professor,128.769,54,Universal
1996,The Birdcage,123.987,,United Artists
1996,A Time To Kill,108.285,40,Warner Brothers
1996,First Wives Club,105.31,26,Paramount
1996,Phenomenon,104.63,32,Touchstone
1996,Scream,103,15,Dimension
1996,Eraser,101.23,100,Warner Brothers
1996,Hunchback of ,100.12,70,Disney
1996,Michael,95.35,,New Line
1996,Star Trek: First Contact,92,45,Paramount
1996,Space Jam,90.44,80,Warner Brothers
1995,Mr.?Holland,82.53,,Hollywood
1996,The English Patient,78.65,27,Miramax
1996,Broken Arrow,70.77,65,20th Century Fox
1996,Beavis & Butthead,63.12,12,Paramount
1996,Jingle All the Way,60.59,60,20th Century Fox
1996,The Cable Guy,60.24,47,Columbia
1996,Courage Under Fire,59.03,46,20th Century Fox
1996,Jack,58.62,45,Hollywood
1996,12 Monkeys,57.14,29,Universal
1996,Executive Decision,56.57,55,Warner Brothers
1996,Primal Fear,56.12,30,Paramount
1996,Tin Cup,53.86,45,Warner Brothers
1996,Sleepers,53.32,44,Warner Brothers
1996,Dragonheart,51.37,57,Universal
1996,Up Close & Personal,51.09,60,Touchstone
1996,Evita,50.05,55,Hollywood
1996,The Preacher's Wife,48.1,40,Samuel Goldwyn
1996,Romeo + Juliet,46.35,14.5,20th Century Fox
1996,One Fine Day,46.17,,20th Century Fox
1996,Mirror Has 2 Faces,41.25,42,Columbia
1996,Don't Be a Menace ,39.26,,Miramax
1996,Happy Gilmore,38.82,10,Universal
1996,Ghost & the Darkness,38.55,55,Paramount
1996,Mars Attacks!,37.77,70,Warner Brothers
1996,Set It Off,36.05,9,New Line
1996,Shine,35.81,5.5,Fine Line
1996,Truth About Cats & Dogs,34.86,,20th Century Fox
1996,A Thin Line Between ,34.77,8,New Line
1996,Muppet Treasure Island,34.33,,Disney
1996,Matilda,33.46,36,TriStar
1996,Long Kiss Goodnight,33.45,65,New Line
1996,Striptease,33.11,50,Columbia
1996,Daylight,32.89,80,Universal
1996,Homeward Bound II,32.71,,Disney
1996,Black Sheep ,32.38,,Paramount
1996,Rumble in the Bronx,32.28,7.5,New Line
1996,Eddie,31.37,30,PolyGram
1997,Titanic,658.589,200,20th Century Fox
1997,Men In Black,250.157,90,Columbia
1997,The Lost World,229.087,73,Universal
1997,Liar Liar,181.395,45,Universal
1997,Air Force One,172.888,85,Columbia
1997,As Good As It Gets,147.637,50,TriStar
1997,Good Will Hunting,138.339,10,Miramax
1997,Best Friend's Wedding,126.805,46,TriStar
1997,Tomorrow Never Dies,125.332,110,United Artists
1997,Face/Off,112.678,80,Paramount
1997,Batman & Robin,107.29,110,Warner Brothers
1997,George of the Jungle,105.27,55,Disney
1997,Scream 2,101.36,24,Dimension
1997,Con Air,101.09,75,Touchstone
1997,Contact,100.85,90,Warner Brothers
1997,Hercules ,99.05,70,Disney
1997,Flubber,92.97,80,Disney
1997,Conspiracy Theory,76.08,75,Warner Brothers
1997,I Know What You ,72.59,17,Columbia
1997,Dante's Peak,67.13,104,Universal
1997,Anaconda,65.89,35,Columbia
1997,LA Confidential,64.62,35,Warner Brothers
1997,In and Out,63.86,35,Paramount
1997,The Fifth Element,63.82,90,Columbia
1997,Mouse Hunt,61.92,38,DreamWorks
1997,The Saint,61.36,70,Paramount
1997,The Devil's Advocate,60.95,57,Warner Brothers
1997,Kiss the Girls,60.53,27,Paramount
1997,Jungle 2 Jungle,59.93,,Disney
1997,Anastasia,58.41,53,20th Century Fox
1997,The Jackal,54.93,60,Universal
1997,Spawn,54.87,40,New Line
1997,Starship Troopers,54.81,95,Touchstone
1997,Austin Powers,53.87,17,New Line
1997,Breakdown,50.16,36,Paramount
1997,Absolute Power,50.05,50,Columbia
1997,Volcano,49.32,90,20th Century Fox
1997,The Game,48.27,50,PolyGram
1997,GI Jane,48.17,50,Hollywood
1997,Speed 2,48.07,110,20th Century Fox
1997,Alien Resurrection,47.8,70,20th Century Fox
1997,The Full Monty,45.95,3.5,20th Century Fox
1997,The Rainmaker,45.92,40,Paramount
1997,Bean,45.33,22,PolyGram
1997,Cop Land,44.91,15,Miramax
1997,Nothing To Lose,44.48,25,Touchstone
1997,Amistad,44.21,40,DreamWorks
1997,Soul Food,43.49,7.5,20th Century Fox
1997,Wag the Dog,43.06,15,New Line
1997,The Devil's Own,42.89,80,Columbia
1997,Donnie Brasco,41.96,35,TriStar
1997,The Peacemaker,41.26,50,DreamWorks
1997,Private Parts,41.2,20,Paramount
1997,Money Talks,41.08,25,New Line
1997,Jackie Brown,39.67,12,Miramax
1998,Saving Private Ryan,216.335,70,Paramount
1998,Armageddon,201.578,140,Disney
1998,Something About Mary,176.484,23,20th Century Fox
1998,A Bug's Life,162.793,45,Pixar
1998,The Waterboy,161.487,23,Touchstone
1998,Doctor Dolittle,144.156,71.5,20th Century Fox
1998,Rush Hour,141.154,35,New Line
1998,Deep Impact,140.465,75,Paramount
1998,Godzilla ,136.142,125,TriStar
1998,Patch Adams,134.9,50,Universal
1998,Lethal Weapon 4,129.74,140,Warner Brothers
1998,The Truman Show,126.47,60,Paramount
1998,Mulan,120.57,70,Disney
1998,You've Got Mail,115.73,65,Warner Brothers
1998,Enemy of the State,111.54,90,Touchstone
1998,The Prince of Egypt,101.22,60,DreamWorks
1998,Rugrats Movie,100.49,28,Paramount
1998,Shakespeare in Love,100.24,25,Miramax
1998,The Mask Of Zorro,93.77,65,TriStar
1998,Stepmom,91.03,50,Columbia
1998,Antz,90.65,60,DreamWorks
1998,The X-Files,83.89,66,20th Century Fox
1998,The Wedding Singer,80.22,18,New Line
1998,City of Angels,78.69,55,Warner Brothers
1998,Everest,77.42,,IMAX
1998,The Horse Whisperer,75.38,60,Touchstone
1998,"6 Days, 7 Nights",74.34,70,Touchstone
1998,Star Trek: Insurrection,70.19,58,Paramount
1998,Blade,70.09,45,New Line
1998,Lost in Space,69.12,80,New Line
1998,A Perfect Murder,67.64,,Warner Brothers
1998,Parent Trap,66.3,,Disney
1998,Ever After,65.71,26,20th Century Fox
1998,Hope Floats,60.05,30,20th Century Fox
1998,Life is Beautiful,57.25,,Miramax
1998,US Marshals,57.17,60,Warner Brothers
1998,The Man in the Iron Mask,56.97,35,MGM
1998,A Civil Action,56.71,60,Paramount
1998,Snake Eyes,55.59,73,Paramount
1998,What Dreams Come,55.38,85,PolyGram
1998,Halloween H20,55.04,17,Disney
1998,Small Soldiers,54.68,40,DreamWorks
1998,T-Rex,53.13,,IMAX
1998,Mighty Joe Young,50.63,49,Disney
1998,Practical Magic,46.68,,Warner Brothers
1998,The Negotiator,44.71,50,Warner Brothers
1998,Meet Joe Black,44.65,90,Universal
1998,Ronin,41.61,55,MGM
1998,The Siege,40.93,70,20th Century Fox
1998,Mysteries of Egypt,40.59,,IMAX
1998,Pleasantville,40.58,40,New Line
1998,The Faculty,40.28,15,Dimension
1998,I Still Know ,40.02,24,Columbia
1998,Primary Colors,39.02,65,Universal
1998,Urban Legend,38.12,14,TriStar
1999,The Phantom Menace,473.307,133,20th Century Fox
1999,The Sixth Sense,293.506,55,Disney
1999,Toy Story 2,245.852,90,Pixar
1999,Austin Powers 2,205.445,33,New Line
1999,The Matrix,171.48,63,Warner Brothers
1999,Tarzan,171.085,150,Disney
1999,Big Daddy,163.48,34.2,Columbia
1999,The Mummy,155.248,76,Universal
1999,Runaway Bride,152.15,70,Paramount
1999,Blair Witch,140.53,0,Artisan
1999,Stuart Little,140.02,103,Columbia
1999,The Green Mile,136.8,60,Warner Brothers
1999,American Beauty,130.06,15,DreamWorks
1999,The World Is Not Enough,126.93,135,United Artists
1999,Double Jeopardy,116.74,40,Paramount
1999,Notting Hill,116.01,42,Universal
1999,Wild Wild West,113.81,170,Warner Brothers
1999,Analyze This,106.69,30,Warner Brothers
1999,The General's Daughter,102.68,60,Paramount
1999,American Pie,101.74,11,Universal
1999,Sleepy Hollow,101.07,65,Paramount
1999,Inspector Gadget,97.36,75,Disney
1999,The Haunting,91.19,80,DreamWorks
1999,Entrapment,87.7,66,20th Century Fox
1999,Pokemon: The Movie,85.75,30,Warner Brothers
1999,Payback,81.52,50,Paramount
1999,The Talented Mr Ripley,81.3,40,Paramount
1999,Any Given Sunday,75.53,62,Warner Brothers
1999,Deep Blue Sea,73.65,78,Warner Brothers
1999,Galaxy Quest,71.58,45,DreamWorks
1999,Thomas Crown,69.31,48,United Artists
1999,Blue Streak,68.21,36,Columbia
1999,End of Days,66.89,83,Universal
1999,Bone Collector,66.52,48,Universal
1999,Bowfinger,66.37,55,Universal
1999,Deuce Bigalow,65.54,18,Touchstone
1999,Life,63.89,75,Universal
1999,Tango & Cash,63.41,,Warner Brothers
1999,She's All That,63.37,10,Miramax
1999,Fantasia 2000,60.66,80,Disney
1999,Three Kings,60.65,48,Warner Brothers
1999,Bicentennial Man,58.22,100,Touchstone
1999,Cider House Rules,57.55,24,Miramax
1999,Eyes Wide Shut,55.66,65,Warner Brothers
1999,Never Been Kissed,55.48,25,20th Century Fox
1999,Varsity Blues,52.89,16,Paramount
1999,Forces of Nature,52.89,75,DreamWorks
1999,Message in a Bottle,52.82,30,Warner Brothers
1999,South Park,52.04,21,Paramount
1999,Stigmata,50.05,32,MGM
1999,House on Haunted Hill,40.85,19,Warner Brothers
1999,Anna & the King,39.26,75,20th Century Fox
1999,Cruel Intentions,38.2,11,Columbia
1999,Fight Club,37.03,63,20th Century Fox
1999,My Favorite Martian,36.85,60,Disney
2000,The Grinch,260.031,123,Universal
2000,Cast Away,233.63,90,20th Century Fox
2000,Mission: Impossible II,215.41,125,Paramount
2000,Gladiator,187.684,103,Universal
2000,What Women Want,182.805,65,Paramount
2000,The Perfect Storm,182.618,120,Warner Brothers
2000,Meet the Parents,166.244,55,Universal
2000,X-Men,157.3,75,20th Century Fox
2000,Scary Movie,156.997,19,Dimension
2000,What Lies Beneath,155.37,90,20th Century Fox
2000,Dinosaur,137.75,127.5,Disney
2000,Crouching Tiger,128.07,15,Sony Classics
2000,Erin Brockovich,125.55,51,Universal
2000,Charlie's Angels,125.31,92,Columbia
2000,Traffic,124.11,48,USA Films
2000,The Klumps,123.31,84,Universal
2000,Big Momma's House,117.56,30,20th Century Fox
2000,Remember The Titans,115.65,30,Disney
2000,The Patriot,113.33,110,Columbia
2000,Miss Congeniality,106.81,45,Warner Brothers
2000,Chicken Run,106.6,42,DreamWorks
2000,Gone in 60 Seconds,101.64,90,Touchstone
2000,Unbreakable,95,73.2,Disney
2000,"Me, Myself & Irene",90.57,51,20th Century Fox
2000,Space Cowboys,90.45,65,Warner Brothers
2000,Emperor's New Groove,89.3,100,Disney
2000,Scream 3,89.14,40,Dimension
2000,U-571,77.09,62,Universal
2000,Rugrats in Paris,76.51,30,Paramount
2000,The Family Man,75.79,60,Universal
2000,Hollow Man,73.21,95,Columbia
2000,Chocolat,71.31,25,Miramax
2000,Shaft,70.33,46,Paramount
2000,The Kid,69.69,65,Disney
2000,Vertical Limit,69.24,75,Columbia
2000,Road Trip,68.54,15.5,DreamWorks
2000,Bring It On,68.38,10,Universal
2000,102 Dalmatians,66.96,85,Disney
2000,Rules of Engagement,61.34,60,Paramount
2000,The Cell,61.33,33,New Line
2000,Mission to Mars,60.88,90,Touchstone
2000,Coyote Ugly,60.79,45,Touchstone
2000,Snow Day,60.01,13,Paramount
2000,Whole Nine Yards,57.26,24,Warner Brothers
2000,Shanghai Noon,56.94,55,Touchstone
2000,Romeo Must Die,55.97,25,Warner Brothers
2000,Final Destination,53.33,23,New Line
2000,Finding Forrester,51.81,43,Columbia
2000,Road To El Dorado,50.86,95,DreamWorks
2000,The Hurricane,50.7,38,Universal
2000,Men of Honor,48.82,32,20th Century Fox
2000,"Dude, Where's My Car",46.73,13,20th Century Fox
2000,The Tigger Movie,45.54,20,Disney
2000,"O Brother, Where ",45.51,26,Universal
2000,Frequency,44.98,31,New Line
2001,Harry Potter,317.576,130,Warner Brothers
2001,Fellowship of the Ring,314.163,109,New Line
2001,"Monsters, Inc",289.124,115,Pixar
2001,Shrek,267.665,60,DreamWorks
2001,Rush Hour 2,226.164,90,New Line
2001,The Mummy Returns,202.008,98,Universal
2001,Pearl Harbor,198.543,152.7,Touchstone
2001,Ocean's 11,183.349,85,Warner Brothers
2001,Jurassic Park III,181.166,93,Universal
2001,Planet Of The Apes,180.012,100,20th Century Fox
2001,A Beautiful Mind,169.35,60,DreamWorks
2001,Hannibal,165.09,87,Universal
2001,Fast and the Furious,155.02,38,Universal
2001,American Pie 2,145.1,30,Universal
2001,Tomb Raider,131.15,80,Paramount
2001,Dr Dolittle 2,112.95,72,20th Century Fox
2001,Spy Kids,112.69,35,Dimension
2001,Black Hawk Down,108.64,95,Columbia
2001,The Princess Diaries,108.25,30,Disney
2001,Vanilla Sky,100.59,68,Paramount
2001,Legally Blonde,96.49,18,MGM
2001,The Others,96.47,17,Dimension
2001,America's Sweethearts,93.61,48,Columbia
2001,Cats & Dogs,93.38,60,Warner Brothers
2001,Save the Last Dance,91.04,13,Paramount
2001,Atlantis,84.05,90,Disney
2001,Jimmy Neutron,80.94,25,Paramount
2001,AI,78.62,90,Warner Brothers
2001,Training Day,76.63,45,Warner Brothers
2001,Along Came a Spider,74.06,28,Paramount
2001,Bridget Jones's Diary,71.54,26,Studio Canal
2001,Scary Movie 2,71.28,45,Dimension
2001,The Score,71.11,68,Paramount
2001,Shallow Hal,70.84,40,20th Century Fox
2001,Swordfish,69.77,80,Warner Brothers
2001,The Mexican,66.81,38,DreamWorks
2001,Down to Earth,64.17,30,Paramount
2001,Spy Game,62.36,92,Universal
2001,The Wedding Planner,60.4,35,Columbia
2001,Behind Enemy Lines,58.86,40,20th Century Fox
2001,Ali,58.2,107,Columbia
2001,The Animal,57.74,22,Columbia
2001,Moulin Rouge,57.39,52.5,20th Century Fox
2001,Rat Race,56.61,48,Paramount
2001,A Knight's Tale,56.57,41,Columbia
2001,Don't Say A Word,55,50,20th Century Fox
2001,Blow,52.99,30,New Line
2001,Royal Tenenbaums,52.36,21,Touchstone
2001,Exit Wounds,51.76,33,Warner Brothers
2001,Enemy at the Gates,51.4,70,Paramount
2001,K-PAX,50.34,48,Universal
2001,Serendipity,50.29,28,Miramax
2001,Kate & Leopold,47.12,48,Miramax
2001,Domestic Disturbance,45.21,53,Paramount
2001,Zoolander,45.16,28,Paramount
2002,Spider-Man,407.681,139,Columbia
2002,The Two Towers,341.748,94,New Line
2002,Attack of the Clones,310.677,120,20th Century Fox
2002,Chamber of Secrets,261.98,100,Warner Brothers
2002,My Greek Wedding,241.438,5,IFC Films
2002,Signs,227.966,70.2,Blinding Edge
2002,Goldmember,213.118,63,New Line
2002,Men In Black 2,194.391,140,Columbia
2002,Ice Age,176.387,60,20th Century Fox
2002,Chicago,170.685,40,Miramax
2002,Catch Me If You Can,164.61,52,DreamWorks
2002,Die Another Day,160.7,142,MGM
2002,Scooby-Doo,153.29,52,Warner Brothers
2002,Lilo & Stitch,145.77,80,Disney
2002,xXx,141.93,85,Columbia
2002,The Santa Clause 2,139.23,65,Disney
2002,Minority Report,132.02,80,20th Century Fox
2002,The Ring,128.58,60,DreamWorks
2002,Sweet Home Alabama,127.61,30,Touchstone
2002,Mr Deeds,126.29,50,Columbia
2002,The Bourne Identity,121.66,75,Universal
2002,The Sum of All Fears,118.5,68,Paramount
2002,8 Mile,116.73,50,Universal
2002,Road to Perdition,104.34,80,DreamWorks
2002,Panic Room,95.31,48,Columbia
2002,Maid in Manhattan,93.93,55,Columbia
2002,Two Weeks Notice,93.35,60,Warner Brothers
2002,Red Dragon,93.1,78,Universal
2002,The Scorpion King,90.45,60,Universal
2002,Spy Kids 2,85.63,30,Dimension
2002,Blade 2,81.68,55,New Line
2002,Snow Dogs,81.16,35,Disney
2002,We Were Soldiers,78.12,75,Paramount
2002,Gangs of New York,77.82,97,Miramax
2002,Space Station,77.09,,IMAX
2002,The Rookie,75.6,24,Disney
2002,Barbershop,75.59,12,MGM
2002,Spirit,73.28,80,DreamWorks
2002,John Q,71.03,36,New Line
2002,Ya-Ya Sisterhood,69.6,27,Warner Brothers
2002,Insomnia,67.36,46,Warner Brothers
2002,Changing Lanes,66.8,45,Paramount
2002,About Schmidt,65.01,30,New Line
2002,Stuart Little 2,64.8,120,Columbia
2002,Jackass: The Movie,64.27,5,Paramount
2002,Next Friday,57.33,9.5,New Line
2002,The Time Machine,56.71,80,Warner Brothers
2002,Drumline,56.4,20,20th Century Fox
2002,Count of Monte Cristo,54.23,35,Touchstone
2002,Unfaithful,52.76,50,20th Century Fox
2002,Like Mike,51.43,30,20th Century Fox
2002,The Tuxedo,50.28,60,DreamWorks
2002,Peter Pan 2,48.42,20,Disney
2002,Big Fat Liar,47.81,15,Universal
2002,Star Trek: Nemesis,43.25,70,Paramount
2003,Finding Nemo,380.482,94,Disney
2003,Return of the King,377.019,94,New Line
2003,Pirates of the Caribbean,305.411,125,Disney
2003,The Matrix Reloaded,281.539,127,Warner Brothers
2003,Bruce Almighty,242.705,81,Universal
2003,X2,214.95,110,20th Century Fox
2003,Elf,173.381,30,New Line
2003,Terminator 3,150.35,170,Warner Brothers
2003,The Matrix Revolutions,139.26,110,Warner Brothers
2003,Cheaper by the Dozen,138.615,40,20th Century Fox
2003,Bad Boys II,138.5,75,Columbia
2003,Anger Management,133.76,56,Columbia
2003,Bringing Down ,132.54,35,Touchstone
2003,Hulk,132.18,150,Universal
2003,2 Fast 2 Furious,127.08,76,Universal
2003,Something's Gotta Give,124.59,80,Columbia
2003,Seabiscuit,120.15,80,Universal
2003,SWAT,116.75,80,Columbia
2003,Spy Kids 3D,111.76,39,Dimension
2003,The Last Samurai,111.13,140,Warner Brothers
2003,Freaky Friday,110.22,26,Disney
2003,Scary Movie 3,110,45,Miramax
2003,The Italian Job,106.13,60,Paramount
2003,How to Lose a Guy,105.81,50,Paramount
2003,American Wedding,104.35,55,Universal
2003,Daddy Day Care,104.15,60,20th Century Fox
2003,Daredevil,102.54,75,20th Century Fox
2003,Charlie's Angels 2,100.79,144,Columbia
2003,The Cat in the Hat,100.75,109,Universal
2003,Cold Mountain,95.63,83,Miramax
2003,Master & Commander,93.93,135,20th Century Fox
2003,Mystic River,90.14,30,Warner Brothers
2003,Legally Blonde 2,89.88,45,MGM
2003,Brother Bear,85.33,,Disney
2003,Freddy vs Jason,82.5,30,New Line
2003,The School of Rock,81.26,20,Paramount
2003,Texas Chainsaw ,80.15,9.5,New Line
2003,Haunted Mansion,75.82,90,Disney
2003,Old School,75.15,24,DreamWorks
2003,Kill Bill 1,70.1,32.5,Miramax
2003,Holes,67.33,35,Disney
2003,Kangaroo Jack,66.74,60,Warner Brothers
2003,LXG: League of ,66.46,78,20th Century Fox
2003,Big Fish,66.26,70,Columbia
2003,Tomb Raider 2,65.65,90,Paramount
2003,Mona Lisa Smile,64.36,65,Columbia
2003,Shanghai Knights,60.47,50,Touchstone
2003,Bad Santa,60.06,18,Dimension
2003,Gothika,59.59,40,Warner Brothers
2003,Love Actually,59.37,47.5,Universal
2003,Radio,59.21,35,Columbia
2003,Open Range,58.33,20,Touchstone
2003,Once Upon Mexico,56.82,30,Miramax
2003,Just Married,56.13,18,20th Century Fox
2003,Paycheck,53.79,60,Paramount
2004,Shrek 2,437.212,75,DreamWorks
2004,Spider-Man 2,373.378,200,Sony Pictures
2004,The Passion,370.774,30,Newmarket
2004,Meet the Fockers,279.168,80,DreamWorks
2004,The Incredibles,261.438,92,Disney
2004,Prisoner of Azkaban,249.539,130,Warner Brothers
2004,The Day After Tomorrow,186.741,125,20th Century Fox
2004,The Polar Express,183.155,165,Warner Brothers
2004,The Bourne Supremacy,176.049,75,Universal
2004,National Treasure,173.016,70,Disney
2004,Shark Tale,161.41,70,DreamWorks
2004,"I, Robot",144.8,105,20th Century Fox
2004,Troy,133.26,175,Warner Brothers
2004,Ocean's 12,125.53,110,Warner Brothers
2004,50 First Dates,120.78,75,Columbia
2004,Van Helsing,120.07,160,Universal
2004,Fahrenheit 911,119.08,6,Lions Gate
2004,Lemony Snicket,118.63,140,Paramount
2004,Dodgeball,114.32,20,20th Century Fox
2004,The Village,114.2,71.7,Touchstone
2004,The Grudge,110.18,10,Sony Pictures
2004,The Aviator,102.61,110,Warner Brothers
2004,Collateral,100.44,65,DreamWorks
2004,Million Dollar Baby,100.42,30,Warner Brothers
2004,The Princess Diaries 2,95.15,40,Disney
2004,Starsky & Hutch,88.2,60,Warner Brothers
2004,Along Came Polly,87.86,42,Universal
2004,Mean Girls,86.05,17,Paramount
2004,SpongeBob Movie,85.42,30,Paramount
2004,Scooby-Doo 2,84.19,84,Warner Brothers
2004,Anchorman,84.14,26,DreamWorks
2004,The Notebook,81,32,New Line
2004,Alien Vs Predator,80.28,60,20th Century Fox
2004,Man on Fire,77.91,70,20th Century Fox
2004,The Terminal,77.03,60,DreamWorks
2004,Garfield,75.37,50,20th Century Fox
2004,Ray,75.31,40,Universal
2004,Ladder 49,74.54,60,Touchstone
2004,Christmas with the Kranks,73.7,60,Sony Pictures
2004,Sideways,71.5,18,Fox Searchlight
2004,White Chicks,69.15,,Sony Pictures
2004,Hidalgo,67.29,90,Touchstone
2004,The Forgotten,66.64,42,Sony Pictures
2004,Kill Bill 2,66.37,32.5,Miramax
2004,Manchurian Candidate,65.95,80,Paramount
2004,Barbershop 2,65.19,18,MGM
2004,Miracle,64.37,28,Disney
2004,Friday Night Lights,61.19,30,Universal
2004,Stepford Wives,59.48,90,Paramount
2004,Hellboy,59.04,66,Columbia
2004,Dawn of the Dead,58.89,45,Universal
2004,Without a Paddle,58.16,19,Paramount
2004,Shall We Dance,57.89,40,Miramax
2004,Butterfly Effect,57.76,13,New Line
2004,The Chronicles of Riddick,57.64,120,Universal
2005,Revenge of the Sith,380.271,115,20th Century Fox
2005,Chronicles of Narnia,291.71,205,Disney
2005,Goblet of Fire,290.013,130,Warner Brothers
2005,War of the Worlds,234.28,128,Paramount
2005,King Kong,218.051,207,Universal
2005,Wedding Crashers,209.218,40,New Line
2005,Chocolate Factory,206.459,150,Warner Brothers
2005,Batman Begins,205.344,150,Warner Brothers
2005,Madagascar,193.137,75,DreamWorks
2005,Mr and Mrs Smith,186.336,110,20th Century Fox
2005,Hitch,178.51,70,Columbia
2005,The Longest Yard,158.12,82,Paramount
2005,Fantastic Four,154.7,100,20th Century Fox
2005,Chicken Little,135.38,60,Disney
2005,Robots,128.2,70,20th Century Fox
2005,Walk the Line,119.52,28,20th Century Fox
2005,The Pacifier,113.14,56,Disney
2005,Dick and Jane,110.5,100,Columbia
2005,The 40 Year Old Virgin,109.33,26,Universal
2005,Flightplan,89.71,55,Touchstone
2005,Saw 2,87.03,4,Lions Gate
2005,Brokeback Mountain,83.03,14,Focus Features
2005,Monster in Law,82.89,45,New Line
2005,Cheaper Dozen 2,82.57,60,20th Century Fox
2005,Are We There Yet,82.4,32,Columbia
2005,Dukes of Hazzard,80.27,53,Warner Brothers
2005,March of the Penguins,77.41,8,Warner Independent
2005,The Ring 2,76.03,50,DreamWorks
2005,Constantine,75.5,90,Warner Brothers
2005,Exorcism of Emily Rose,75.2,20,Screen Gems
2005,Four Brothers,74.48,44,DreamWorks
2005,Sin City,74.1,45,Dimension
2005,The Interpreter,72.52,80,Universal
2005,Sahara,68.64,130,Paramount
2005,Guess Who,67.96,35,Columbia
2005,Coach Carter,67.25,30,Paramount
2005,Herbie: Fully Loaded,66,50,Disney
2005,The Amityville Horror,64.66,19,MGM
2005,Sky High,63.94,35,Disney
2005,Jarhead,62.65,72,Universal
2005,Bewitched,62.25,85,Columbia
2005,Cinderella Man,61.65,88,Universal
2005,The Family Stone,60.06,17,20th Century Fox
2005,Red Eye,57.86,44,DreamWorks
2005,Memoirs of a Geisha,57.01,85,Columbia
2005,Wallace & Gromit,56.2,30,DreamWorks
2005,White Noise,55.87,10,Universal
2005,Be Cool,55.81,53,MGM
2005,Crash,54.56,6.5,Lions Gate
2005,"Yours, Mine and Ours",53.36,45,MGM
2005,Corpse Bride,53.34,40,Warner Brothers
2005,Kicking & Screaming,52.58,45,Universal
2005,Hide and Seek,51.1,30,20th Century Fox
2005,Guide to the Galaxy,51.02,50,Touchstone
2005,Syriana,50.85,50,Warner Brothers
2006,Pirates of Caribbean 2,423.416,200,Disney
2006,Night at the Museum,250.863,110,20th Century Fox
2006,Cars,244.083,70,Disney
2006,X-Men: The Last Stand,234.362,165,20th Century Fox
2006,The Da Vinci Code,217.65,125,Columbia
2006,Superman Returns,200.12,220,Warner Brothers
2006,Happy Feet,198,85,Warner Brothers
2006,Ice Age 2,195.331,80,20th Century Fox
2006,Casino Royale,167.365,72,MGM
2006,Pursuit of Happyness,162.8,55,Columbia
2006,Over the Hedge,155.02,80,DreamWorks
2006,Talladega Nights,148.21,73,Columbia
2006,Click,137.34,70,Columbia
2006,Mission: Impossible III,133.5,150,Paramount
2006,The Departed,133.31,90,Warner Brothers
2006,Borat,128.51,18,20th Century Fox
2006,The Devil Wears Prada,124.74,35,20th Century Fox
2006,The Break-Up,118.7,52,Universal
2006,Dreamgirls,103.37,70,DreamWorks
2006,Scary Movie 4,90.7,45,Weinstein Co.
2006,Failure to Launch,88.79,50,Paramount
2006,Inside Man,88.51,45,Universal
2006,The Santa Clause 3,84.5,12,Disney
2006,Open Season,84.38,85,Columbia
2006,Charlotte's Web,82.73,82.5,Paramount
2006,The Pink Panther,82.23,65,MGM
2006,Eight Below,81.59,40,Touchstone
2006,Saw 3,80.31,10,Lions Gate
2006,Nacho Libre,80.2,32,Paramount
2006,"You, Me and Dupree",75.63,54,Universal
2006,Eragon,75.03,100,20th Century Fox
2006,Monster House,73.85,75,Columbia
2006,Barnyard,72.78,51,Paramount
2006,Jackass: Number Two,72.78,11.5,Paramount
2006,RV,71.4,65,Columbia
2006,V for Vendetta,70.5,50,Warner Brothers
2006,World Trade Center,70.28,63,Paramount
2006,Rocky Balboa,70.27,24,MGM
2006,Big Momma's House 2,70.16,40,20th Century Fox
2006,The Good Shepherd,69.49,90,Universal
2006,Step Up,65.33,12,Touchstone
2006,Flushed Away,64.49,130,DreamWorks
2006,Deja Vu,64.03,80,Touchstone
2006,Miami Vice,63.44,135,Universal
2006,The Holiday,63.28,85,Columbia
2006,Madea's Family ,63.23,10,Lions Gate
2006,Tokyo Drift,62.51,85,Universal
2006,Underworld 2,62.32,50,Screen Gems
2006,The Shaggy Dog,61.12,50,Disney
2006,Poseidon,60.66,140,Warner Brothers
2006,Little Miss Sunshine,59.89,8,Fox Searchlight
2006,The Benchwarmers,58.45,33,Columbia
2006,Curious George,58.39,50,Universal
2006,Little Man,58.26,64,Revolution
2006,Invincible,57.81,,Disney
2007,Spider-Man 3,336.53,258,Columbia
2007,Shrek 3,320.707,160,DreamWorks
2007,Transformers,319.222,147,Paramount
2007,Pirates of Caribbean 3,309.303,200,Disney
2007,Order of the Phoenix,292.001,150,Warner Brothers
2007,I Am Legend,256.386,150,Warner Brothers
2007,The Bourne Ultimatum,227.437,110,Universal
2007,National Treasure 2,219.962,130,Buena Vista
2007,Alvin & the Chipmunks,217.324,60,20th Century Fox
2007,300,210.593,60,Warner Brothers
2007,Ratatouille,206.44,150,Pixar
2007,The Simpsons,183.12,75,20th Century Fox
2007,Wild Hogs,168.21,,Touchstone
2007,Knocked Up,148.73,30,Universal
2007,Juno,143.49,7.5,Fox Searchlight
2007,Rush Hour 3,140.08,120,New Line
2007,Live Free or Die Hard,134.53,110,20th Century Fox
2007,Fantastic Four II,131.92,130,20th Century Fox
2007,American Gangster,130.13,100,Universal
2007,Enchanted,127.98,85,Disney
2007,Bee Movie,126.6,150,DreamWorks
2007,Superbad,121.46,20,Columbia
2007,Chuck and Larry,119.68,85,Universal
2007,Hairspray,118.82,75,New Line
2007,Blades of Glory,118.34,61,DreamWorks
2007,Ocean's 13,117.14,85,Warner Brothers
2007,Ghost Rider,116.4,110,Columbia
2007,Evan Almighty,100.19,175,Universal
2007,Meet the Robinsons,97.79,,Buena Vista
2007,Norbit,95.36,60,DreamWorks
2007,The Bucket List,93.41,45,Warner Brothers
2007,The Game Plan,90.64,22,Disney
2007,Bridge to Terabithia,82.31,60,Buena Vista
2007,Beowulf,82.16,150,Paramount
2007,Disturbia,80.05,20,DreamWorks
2007,No Country for Old Men,74.27,25,Paramount Vantage
2007,Fred Claus,72,,Warner Brothers
2007,1408,71.91,25,MGM
2007,The Golden Compass,70.08,150,New Line
2007,Charlie Wilson's War,66.64,75,Universal
2007,Saw 4,63.27,10,Lions Gate
2007,Stomp the Yard,61.7,14,Screen Gems
2007,Surf's Up,58.87,85,Columbia
2007,Halloween (2007),58.27,15,Dimension
2007,Why Did I Get Married,55.18,15,Lions Gate
2007,TMNT,54.13,34,Warner Brothers
2007,3:10 to Yuma,53.72,50,Lions Gate
2007,"PS, I Love You",53.68,30,Warner Brothers
2007,Sweeney Todd,52.88,50,Paramount
2007,Atonement,50.92,35,Focus Features
2007,Resident Evil 3,50.65,45,Screen Gems
2007,Music and Lyrics,50.57,67,Warner Brothers
2007,Are We Done Yet,49.81,,Revolution
2007,This Christmas,49.12,13,Screen Gems
2007,Michael Clayton,49.02,25,Warner Brothers
2008,The Dark Knight,533.184,185,Warner Brothers
2008,Iron Man,318.298,186,Paramount
2008,Indiana Jones 4,317.011,185,Paramount
2008,Hancock,228.246,150,Columbia
2008,Wall-E,223.807,180,Disney
2008,Kung Fu Panda,215.395,130,DreamWorks
2008,Twilight,192.77,37,Summit
2008,Madagascar 2,179.983,150,DreamWorks
2008,Quantum of Solace,168.368,200,MGM
2008,Horton Hears a Who,154.444,85,20th Century Fox
2008,Sex and the City,152.6,65,New Line
2008,Gran Torino,148.09,35,Warner Brothers
2008,Mamma Mia!,143.87,52,Universal
2008,Marley and Me,143.15,60,Fox 2000
2008,Slumdog Millionaire,141.32,15,Fox Searchlight
2008,Prince Caspian,140.69,100,Disney
2008,Wanted,134.39,65,Universal
2008,The Incredible Hulk,133.84,150,Universal
2008,Get Smart,130.25,80,Warner Brothers
2008,Benjamin Button,127.49,150,Warner Brothers
2008,Four Christmases,120.14,80,New Line
2008,Bolt,114.05,150,Disney
2008,Tropic Thunder,110.42,92,DreamWorks
2008,Bedtime Stories,109.99,80,Disney
2008,The Mummy 3,102.48,100,Universal
2008,Journey to Center 3D,101.66,45,New Line
2008,Eagle Eye,101.11,80,DreamWorks
2008,Step Brothers,100.54,65,Columbia
2008,Don't Mess with Zohan,100.02,75,Columbia
2008,Yes Man,97.68,70,Warner Brothers
2008,"10,000 BC",94.77,75,Warner Brothers
2008,Beverly Chihuahua,94.41,20,Disney
2008,High School Musical,90.56,11,Disney
2008,Pineapple Express,87.34,27,Columbia
2008,Valkyrie,83.08,80,United Artists
2008,21,81.22,35,Columbia
2008,What Happens in Vegas,80.27,35,20th Century Fox
2008,Jumper,80.17,85,20th Century Fox
2008,Cloverfield,80.03,30,Paramount
2008,The Day Earth Stood Still,79.36,80,20th Century Fox
2008,27 Dresses,76.81,30,20th Century Fox
2008,Hellboy 2,75.87,72,Universal
2008,Vantage Point,72.55,40,Columbia
2008,The Spiderwick Chronicles,71.3,90,Paramount
2008,Fool's Gold,70.22,70,Warner Brothers
2008,Seven Pounds,69.95,55,Columbia
2008,Role Models,67.27,28,Universal
2008,Hannah Montana,65.28,7,Disney
2008,The Happening,64.5,57,20th Century Fox
2008,Forgetting Sarah Marshall,63,30,Universal
2008,Burn After Reading,60.34,37,Focus Features
2008,Baby Mama,60.27,30,Universal
2008,Step Up 2 the Streets,58.01,23,Buena Vista
2008,Saw V,56.73,11,Lions Gate
2008,The Strangers,52.53,10,Rogue
2009,Avatar,759.563,190,20th Century Fox
2009,Transformers 2,402.077,200,Paramount
2009,Half-Blood Prince,301.957,250,Warner Brothers
2009,Twilight: New Moon,293.815,51,Summit
2009,Up,292.913,175,Buena Vista
2009,The Hangover,277.313,35,Warner Brothers
2009,Star Trek,257.704,150,Paramount
2009,The Blind Side,255.945,29,Warner Brothers
2009,Alvin and Chipmunks 2,219.607,75,20th Century Fox
2009,Sherlock Holmes,208.979,90,Warner Brothers
2009,Monsters vs Aliens,198.33,175,DreamWorks
2009,Ice Age 3,196.44,90,20th Century Fox
2009,Wolverine,179.86,150,20th Century Fox
2009,Night at the Museum 2,177.23,150,20th Century Fox
2009,2012,165.55,200,Columbia
2009,The Proposal,163.9,40,Disney
2009,Fast and Furious,154.88,85,Universal
2009,GI Joe,150.17,170,Paramount
2009,Paul Blart: Mall Cop,146.34,25,Columbia
2009,Taken,145,25,20th Century Fox
2009,A Christmas Carol,137.85,200,Disney
2009,Angels & Demons,133.38,150,Columbia
2009,Terminator Salvation,125.29,200,Warner Brothers
2009,Chance of Meatballs,124.87,100,Columbia
2009,Inglourious Basterds,120.52,70,Weinstein Co.
2009,G-Force,119.25,150,Buena Vista
2009,District 9,115.65,30,Columbia
2009,It's Complicated,112.7,85,Universal
2009,Couples Retreat,109.18,60,Universal
2009,Paranormal Activity,107.9,0,Paramount
2009,Watchmen,107.5,130,Warner Brothers
2009,Princess and the Frog,100.35,105,Disney
2009,Public Enemies,97.03,100,Universal
2009,Julie and Julia,94.13,40,Columbia
2009,Not That Into You,93.92,40,New Line
2009,Madea Goes to Jail,90.49,17.5,Lions Gate
2009,The Ugly Truth,88.92,38,Columbia
2009,Up in the Air,83.78,30,Paramount
2009,Knowing,79.95,50,Summit
2009,Hannah Montana,78.9,30,Disney
2009,Where Wild Things Are,77.18,100,Warner Brothers
2009,Zombieland,75.59,24,Columbia
2009,Coraline,75.2,60,Focus Features
2009,Law Abiding Citizen,73.34,40,Overture Films
2009,Hotel for Dogs,73.02,35,DreamWorks
2009,This Is It,72.09,60,Columbia
2009,"I Love You, Man",71.35,40,DreamWorks
2009,Obsessed,68.31,20,Screen Gems
2009,Witch Mountain,67.13,65,Disney
2009,The Final Destination,66.37,43,New Line
2009,Taking Pelham 123,65.45,100,Columbia
2009,Friday the 13th,65,19,New Line
2009,17 Again,64.15,33,New Line
2009,Time Traveler's Wife,63.21,39,New Line
2009,Bruno,59.99,42,Universal
2010,Toy Story 3,414.638,200,Disney
2010,Alice in Wonderland,333.92,200,Disney
2010,Iron Man 2,312.057,200,Paramount
2010,Twilight: Eclipse,300.099,65,Summit
2010,The Deathly Hallows,294.98,150,Warner Brothers
2010,Inception,291.833,200,Warner Brothers
2010,Despicable Me,251.477,69,Universal
2010,Shrek Forever After,238.372,165,DreamWorks
2010,Train Your Dragon,217.388,165,DreamWorks
2010,Tangled,199.084,260,Disney
2010,The Karate Kid ,176.56,40,Columbia
2010,TRON Legacy,171.99,170,Disney
2010,True Grit,170.42,38,Paramount
2010,Clash of the Titans ,163.19,70,Warner Brothers
2010,Grown Ups,160.98,75,Columbia
2010,Megamind,148.24,130,DreamWorks Animation
2010,Little Fockers,147.64,100,Universal
2010,The King's Speech,138.71,15,Weinstein Co.
2010,The Last Airbender,131.57,150,Paramount
2010,Shutter Island,127.56,80,Paramount
2010,The Other Guys,119.22,90,Columbia
2010,Salt,117.56,110,Columbia
2010,Jackass,117.19,20,Paramount
2010,Valentine's Day,110.34,52,Warner Brothers
2010,Black Swan,106.78,17,Fox Searchlight
2010,Robin Hood,105.22,200,Universal
2010,Chronicles of Narnia 3,104.35,155,20th Century Fox
2010,The Expendables,101,80,Lions Gate
2010,Due Date,100.5,65,Warner Brothers
2010,Yogi Bear,100.17,80,Warner Brothers
2010,Date Night,98.71,55,20th Century Fox
2010,The Social Network,96.76,50,Columbia
2010,Sex and the City 2,95.33,100,Warner Brothers
2010,The Book of Eli,94.82,80,Warner Brothers
2010,The Fighter,93.57,25,Paramount
2010,Love and Other Drugs,90.88,30,20th Century Fox
2010,Prince of Persia,90.7,200,Disney
2010,The Town,90.63,37,Warner Brothers
2010,Red ,90.36,58,Summit
2010,Percy Jackson,88.72,95,20th Century Fox
2010,Paranormal Activity 2,84.72,2.8,Paramount
2010,Unstoppable,81.36,100,20th Century Fox
2010,Dear John,80.01,25,Screen Gems
2010,"Eat, Pray, Love",79.71,60,Columbia
2010,The A-Team,77.19,110,20th Century Fox
2010,Knight & Day,76.31,117,20th Century Fox
2010,Dinner for Schmucks,72.22,75,DreamWorks
2010,The Tourist,67.24,100,Columbia
2010,The Bounty Hunter,66.31,40,Columbia
2010,Diary of a Wimpy Kid,64,15,20th Century Fox
2010,A Nightmare on Elm Street ,63.06,35,Warner Brothers
2010,The Last Song,62.93,16,Disney
2010,The Sorcerer's Apprentice,62.5,160,Disney
2010,The Wolfman,61.94,150,Universal
2010,Get Him to the Greek,60.92,40,Universal
2011,The Deathly Hallows II,378.181,125,Warner Brothers
2011,Transformers 3,351.903,195,DreamWorks
2011,Twilight: Breaking Dawn,280.262,110,Summit
2011,The Hangover II,251.882,80,Warner Brothers
2011,Pirates Caribbean 4,237.354,250,Disney
2011,Mission: Impossible IV,209.065,145,Paramount
2011,Fast Five,208.31,125,Universal
2011,Cars 2,186.197,200,Disney
2011,Sherlock Holmes 2,185.271,125,Warner Brothers
2011,Thor,180.136,150,Paramount
2011,Rise of the Apes,176.74,93,20th Century Fox
2011,Captain America,174.3,140,Paramount
2011,The Help,169.35,25,Disney
2011,Bridesmaids,168.94,32.5,Universal
2011,Kung Fu Panda 2,165.13,130,Paramount
2011,Puss in Boots,147.72,130,Paramount
2011,X-Men: First Class,144.71,160,20th Century Fox
2011,Rio,139.63,90,20th Century Fox
2011,The Smurfs,139.01,110,Columbia
2011,Alvin and the Chipmunks 3,133.06,75,20th Century Fox
2011,Super 8,126.87,45,Paramount
2011,Rango,122.48,135,Paramount
2011,Horrible Bosses,116.5,35,Warner Brothers
2011,Green Lantern,115.04,150,Warner Brothers
2011,Hop,107.82,63,Universal
2011,Paranormal Activity 3,103.78,5,Paramount
2011,Just Go with It,101.43,80,Columbia
2011,Bad Teacher,99.39,20,Columbia
2011,Gnomeo and Juliet,99.29,36,Touchstone
2011,Cowboys & Aliens,98.83,163,Universal
2011,The Green Hornet,98.52,120,Columbia
2011,Dragon Tattoo,98.19,50,Columbia
2011,The Muppets,87.04,45,Disney
2011,Battle: Los Angeles,83.27,70,Columbia
2011,Real Steel,82.55,80,Disney
2011,The Descendants,82.28,20,Fox Searchlight
2011,"Crazy, Stupid, Love",82.07,50,Warner Brothers
2011,Immortals,81.89,75,Relativity Media
2011,Zookeeper,79.23,80,MGM
2011,Limitless,78.46,43,Rogue
2011,Tower Heist,75.79,75,Universal
2011,We Bought a Zoo,75.62,50,20th Century Fox
2011,War Horse,75.62,66,DreamWorks
2011,Moneyball,74.32,47,Columbia
2011,Contagion,73.47,60,Warner Brothers
2011,Hugo,73.44,170,Paramount
2011,Jack and Jill,72.95,79,Columbia
2011,Justin Bieber,72.69,13,Paramount
2011,Tintin,72.32,130,Paramount
2011,Dolphin Tale,71.07,37,Warner Brothers
2011,No Strings Attached,70.63,25,Paramount
2011,Mr Popper's Penguins,67.89,55,20th Century Fox
2011,Unknown,62.72,30,Warner Brothers
2011,Happy Feet Two,62.6,130,Warner Brothers
2011,The Adjustment Bureau,62.3,65,Universal
2012,The Avengers,622.217,220,Disney
2012,The Dark Knight Rises,447.911,250,Warner Brothers
2012,The Hunger Games,407.884,100,Lions Gate
2012,007: Skyfall,304.295,200,Columbia
2012,The Hobbit,302.849,180,Warner Brothers
2012,Breaking Dawn - Part 2,292.299,131.5,Summit
2012,Amazing Spider-Man,261.939,230,Columbia
2012,Brave,237.156,185,Disney
2012,Ted,218.629,38.7,Universal
2012,Madagascar 3,216.367,145,DreamWorks
2012,Dr Seuss' The Lorax,213.95,70,Universal
2012,Wreck-It Ralph,189.29,165,Disney
2012,Lincoln,182.14,100,Touchstone
2012,Men in Black III,179.02,225,Columbia
2012,Django Unchained,162.69,100,Weinstein Co.
2012,Ice Age: Continental Drift,161.01,95,20th Century Fox
2012,Snow White Huntsman,154.92,170,Universal
2012,Les Miserables,148.78,61,Universal
2012,Hotel Transylvania,148.28,85,Columbia
2012,Taken II,139.76,45,20th Century Fox
2012,21 Jump Street,138.26,42,Columbia
2012,Argo,135.99,44.5,Warner Brothers
2012,Silver Linings Playbook,131.93,26,Weinstein Co.
2012,Prometheus,126.3,130,20th Century Fox
2012,Safe House,126.15,85,Universal
2012,The Vow,124.93,30,Screen Gems
2012,Life of Pi,124.82,120,20th Century Fox
2012,Magic Mike,113.39,5,Warner Brothers
2012,The Bourne Legacy,113.17,125,Universal
2012,Journey 2,103.81,79,New Line
2012,Rise of the Guardians,103.4,145,DreamWorks
2012,Zero Dark Thirty,95.72,40,Columbia
2012,Flight,93.75,31,Paramount
2012,Think Like a Man,91.55,13,Screen Gems
2012,The Campaign,86.85,,Warner Brothers
2012,This Means War,86.54,65,20th Century Fox
2012,The Expendables 2,85.02,100,Lions Gate
2012,Wrath of the Titans,83.64,150,Warner Brothers
2012,Jack Reacher,80.03,60,Paramount
2012,Dark Shadows,79.71,150,Warner Brothers
2012,Parental Guidance,77.05,25,20th Century Fox
2012,John Carter,73,250,CBS Films
2012,Act of Valor,69.98,15,Relativity Media
2012,This Is 40,67.52,35,Universal
2012,Looper,66.31,30,FilmDistrict
2012,Madea's Witness Protection,65.62,20,Lions Gate
2012,Battleship,65,200,Universal
2012,Pitch Perfect,64.97,17,Universal
2012,Mirror Mirror,64.66,85,Relativity Media
2012,Contraband,64.64,41,Universal
2012,Chronicle,64.51,12,20th Century Fox
2012,Hope Springs,63.54,30,Columbia
2012,Underworld Awakening,61.38,70,Screen Gems
2012,The Lucky One,60.15,35,Warner Brothers
2012,The Dictator,59.62,65,Paramount
2013,The Hunger Games 2,424.339,130,Lions Gate
2013,Iron Man 3,408.569,200,Disney
2013,Frozen ,398.939,150,Disney
2013,Despicable Me 2,368.05,76,Universal
2013,Man of Steel,290.65,175,Warner Brothers
2013,Gravity,273.343,100,Warner Brothers
2013,Monsters University,268.385,,Disney
2013,The Hobbit 2,258.206,250,Warner Brothers
2013,Fast & Furious 6,238.287,160,Universal
2013,Oz,234.549,200,Disney
2013,Star Trek Into Darkness,228.23,190,Paramount
2013,Thor: The Dark World,204.29,170,Disney
2013,World War Z,202.14,190,Paramount
2013,The Croods,186.86,135,20th Century Fox
2013,The Heat,159.51,43,20th Century Fox
2013,We're the Millers,150.37,30,New Line
2013,American Hustle,150.12,40,Columbia
2013,The Great Gatsby,144.71,127,Warner Brothers
2013,The Conjuring,137.34,13,New Line
2013,Identity Thief,134.46,35,Universal
2013,Grown Ups 2,133.67,80,Columbia
2013,The Wolverine,132.48,80,20th Century Fox
2013,Anchorman 2,127.1,50,Paramount
2013,Lone Survivor,124.57,50,Universal
2013,GI Joe 2: Retaliation,122.26,130,Paramount
2013,Chance of Meatballs 2,119.41,78,Columbia
2013,Now You See Me,117.39,70,Summit
2013,Wolf of Wall Street,116.89,100,Paramount
2013,The Butler,116.43,17,Weinstein Co.
2013,The Hangover Part III,111.65,103,Warner Brothers
2013,Epic,107.21,100,20th Century Fox
2013,Captain Phillips,106.86,55,Columbia
2013,Bad Grandpa,101.83,15,Paramount
2013,Pacific Rim,101.73,190,Warner Brothers
2013,This Is the End,101.47,25,Columbia
2013,Olympus Has Fallen,98.77,80,FilmDistrict
2013,42,94.93,40,Warner Brothers
2013,Elysium,93.05,100,Columbia
2013,Planes,90.28,50,Disney
2013,Oblivion,89.02,140,Universal
2013,The Lone Ranger,89.01,215,Disney
2013,Insidious: Chapter 2,83.58,5,FilmDistrict
2013,Turbo,83.03,135,DreamWorks
2013,Saving Mr Banks,81.04,35,Disney
2013,2 Guns,75.57,90,Universal
2013,White House Down,72.77,150,Columbia
2013,Mama,71.59,15,Universal
2013,Safe Haven,71.28,28,Relativity Media
2013,The Smurfs 2,71.02,105,Columbia
2013,The Best Man Holiday,70.25,17,Universal
2013,Percy Jackson 2,68.38,90,20th Century Fox
2013,A Good Day to Die Hard,67.29,92,20th Century Fox
2013,Warm Bodies,66.36,30,Summit
2013,Jack the Giant Slayer,65.11,150,Warner Brothers
2013,The Purge,64.27,3,Universal
